English,Turkish
you,sen
i,i
the,.
to,ile
a,a
s,s
it,BT
and,ve
that,o
t,t
of,ile ilgili
is,dır-dir
in,içinde
what,ne
we,biz
me,Ben
this,Bu
he,o
for,için
my,benim
on,üzerinde
have,Sahip olmak
your,sizin
do,yapmak
was,olmuş
m,m
no,hayır
not,olumsuzluk
be,olmak
are,var olan
don,giymek
re,tekrar
know,bilmek
can,olabilmek
with,ile birlikte
but,Ancak
all,herşey
so,Bu yüzden
just,sadece
there,orada
here,Burada
they,onlar
like,beğenmek
ll,LL
get,elde etmek
she,o
go,Git
if,Eğer
right,sağ
out,dışarı
about,hakkında
up,yukarı
at,-den
him,o
now,şimdi
oh,ah
one,bir tane
come,gelmek
well,kuyu
her,o
how,nasıl
yeah,Evet
ve,Vezik
will,irade
got,var
want,istemek
think,düşünmek
as,olarak
see,görmek
did,yaptı
good,iyi
who,kim
why,Niye
from,itibaren
let,İzin Vermek
his,onun
yes,evet
when,ne zaman
going,gidiyor
time,zaman
an,bir
okay,tamam aşkım
back,geri
look,bakmak
us,biz
would,istemek
them,onlara
where,nerede
were,olmuş
take,almak
then,o zamanlar
had,vardı
or,veya
been,olmuştur
our,bizim
gonna,yapacak
tell,söylemek
really,Gerçekten
man,adam
some,bazı
say,söylemek
hey,hey
could,abilir
d,d
didn,yoktu
by,tarafından
need,ihtiyaç
something,bir şey
has,vardır
too,fazla
more,daha fazla
way,yol
down,aşağı
make,Yapmak
very,çok
never,asla
only,bir tek
people,insanlar
over,üzerinde
because,çünkü
little,biraz
please,lütfen
love,aşk
should,meli
mean,kastetmek
said,söz konusu
sorry,Üzgünüm
give,vermek
off,kapalı
am,Ben
thank,teşekkür
any,hiç
two,2
even,hatta
much,fazla
doing,yapmak
sure,Elbette
thing,şey
these,bunlar
help,Yardım Edin
first,ilk
into,içine
anything,herhangi bir şey
still,hâlâ
find,bulmak
life,hayat
nothing,hiç bir şey
sir,Bayım
day,gün
god,tanrı
work,İş
their,onların
uh,uh
again,Yeniden
maybe,belki
must,zorunlu
before,önceki
other,diğer
wait,Bekle
stop,Dur
call,Arama
after,sonrasında
won,kazanmak
talk,konuşmak
away,uzak
than,hariç
thought,düşünce
home,ev
night,gece
put,koy
great,İyi
those,şunlar
last,geçen
better,daha iyi
everything,her şey
told,söylenmiş
mr.,Bay.
new,yeni
things,şeyler
always,her zaman
keep,Tut
long,uzun
years,yıllar
leave,ayrılmak
does,yapmak
money,para
around,etrafında
doesn,değil
name,isim
place,yer
ever,durmadan
feel,hissetmek
guys,çocuklar
father,baba
guy,insan
made,yaptı
old,eskimiş
isn,ISN
which,hangisi
big,büyük
lot,pay
done,tamamlamak
hello,merhaba
nice,Güzel
believe,inanmak
girl,kız
someone,birşey
fine,iyi
thanks,Teşekkürler
wanted,aranan
kind,tür
coming,gelen
house,ev
every,her
ok,Tamam
through,vasıtasıyla
being,olmak
course,kurs
stay,kalmak
left,sol
dad,baba
enough,yeterli
happened,olmuş
came,gelmek
may,Mayıs
mother,anne
wrong,yanlış
world,dünya
bad,kötü
might,Might
three,üç
today,bugün
listen,dinlemek
another,bir diğer
understand,anlamak
hear,duymak
remember,hatırlamak
ask,Sor
own,sahip olmak
same,aynı
show,göstermek
else,Başka
kill,öldürmek
talking,konuşma
found,kurmak
next,sonraki
getting,edinme
care,bakım
car,araba
looking,bakan
son,oğul
try,Deneyin
woman,Kadın
went,gitmiş
hi,Merhaba
dead,ölü
many,birçok
mind,akıl
wasn,yoktu
friend,arkadaş
best,en iyi
mom,anne
hell,cehennem
morning,sabah
trying,deneme
boy,oğlan
together,bir arada
yourself,kendin
job,Görev
saw,testere
family,aile
real,gerçek
without,olmadan
baby,bebek
room,oda
wouldn,olmaz
already,çoktan
move,hareket
most,en
seen,görülen
live,canlı
miss,kayıp
actually,aslında
huh,Ha
shit,bok
both,ikisi birden
heard,Duymak
once,bir Zamanlar
ready,hazır
head,kafa
called,isminde
used,Kullanılmış
idea,fikir
knew,bilen
hold,tutmak
happy,mutlu
door,kapı
such,çok
fuck,Kahretsin
brother,Erkek kardeş
also,ayrıca
pretty,güzel
bit,biraz
took,alınmış
haven,cennet
yet,hala
men,erkekler
whole,tüm
start,Başlat
use,kullanmak
while,süre
since,dan beri
wife,eş
days,günler
guess,tahmin etmek
tomorrow,yarın
matter,konu
meet,tanışmak
bring,getirmek
tonight,Bu gece
everyone,herkes
run,koşmak
wanna,istemek
hard,sert
ah,Ah
alone,yalnız
myself,kendim
school,okul
gone,gitmiş
um,umurumda
end,son
saying,söz
phone,telefon
play,Oyna
looks,görünüyor
couldn,yapamadım
fucking,lanet olası
problem,sorun
few,bir kaç
friends,arkadaşlar
gotta,yapmalı
ago,evvel
open,açık
anyone,kimse
killed,öldürülmüş
hope,umut
face,yüz
until,a kadar
lost,kayıp
police,polis
excuse,mazeret
turn,dönüş
business,işletme
case,durum
wants,istek
says,diyor
TRUE,DOĞRU
die,ölmek
heart,kalp
soon,yakında
each,her biri
worry,endişelenmek
later,sonra
year,yıl
watch,izlemek
music,müzik
hand,el
having,sahip
probably,muhtemelen
beautiful,güzel
doctor,doktor
sit,oturmak
eat,yemek
thinking,düşünme
young,genç
second,ikinci
working,Çalışma
water,su
person,kişi
part,parça
kids,çocuk
late,geç
stuff,şey
exactly,kesinlikle
under,altında
death,ölüm
minute,dakika
pay,ödemek
crazy,çılgın
forget,unutmak
everybody,herkes
kid,çocuk
change,değiştirmek
gave,verilmiş
happen,olmak
damn,lanet etmek
five,beş
drink,İçmek
far,uzak
knows,bilir
its,onun
whatever,her neyse
eyes,gözler
shut,kapamak
aren,aren
hit,vurmak
taking,alıcı
easy,kolay
times,zamanlar
check,Kontrol
hands,eller
minutes,dakikalar
deal,anlaştık mı
different,farklı
means,anlamına geliyor
point,puan
inside,içeri
makes,iş yapmak
asked,diye sordu
somebody,biri
mine,benim
making,yapımı
body,gövde
afraid,korkmuş
sleep,uyumak
chance,şans
dear,sevgili
quite,epeyce
four,dört
anyway,her neyse
close,kapat
ain,Ain
party,Parti
fun,eğlence
against,karşısında
word,kelime
comes,gelir
important,önemli
set,ayarlamak
shall,acak
story,Öykü
number,sayı
daughter,kız evlat
least,en az
waiting,beklemek
hurt,canını yakmak
wish,dilek
moment,an
fight,kavga etmek
week,hafta
husband,erkek eş
girls,kızlar
rest,dinlenmek
married,evli
fire,ateş
game,oyun
nobody,kimse
mr,Bay
children,çocuklar
side,yan
stand,ayakta durmak
read,okuman
though,rağmen
cut,kesmek
started,başlayan
sister,kız kardeş
supposed,sözde
between,arasında
child,çocuk
goes,gitmek
hours,saat
speak,konuşmak
women,KADIN
behind,arka
almost,neredeyse
truth,gerçek
blood,kan
able,yapabilmek
lady,Hanım
anymore,artık değil
playing,oynama
gets,yakmak
shot,vuruş
reason,sebep
trouble,sorun
break,kırmak
war,savaş
city,Kent
walk,yürümek
town,şehir
trust,güven
dr.,dr.
met,tanışmak
office,ofis
question,soru
brought,getirilmiş
yours,seninki
welcome,hoş geldin
high,yüksek
wow,vay
couple,çift
half,yarım
died,ölü
cool,serin
free,Bedava
either,herhangi biri
seems,öyle gibi
power,güç
whoa,whoa
bye,Hoşçakal
buy,satın almak
telling,söylüyorum
honey,bal
tried,sınanmış
front,ön
team,takım
answer,Cevap
gun,silah
boys,erkekler
line,astar
send,göndermek
news,Haberler
stupid,Aptal
bed,yatak
hurry,acele etmek
full,tam
months,aylar
save,kayıt etmek
sometimes,bazen
become,haline gelmek
along,boyunca
hate,nefret
food,Gıda
outside,dışarıda
light,ışık
l,L
needs,ihtiyaç
dog,köpek
country,ülke
clear,açık
order,emir
em,EM
fact,hakikat
lord,Kral
captain,Kaptan
six,altı
hot,sıcak
funny,eğlenceli
black,siyah
mrs.,Bayan.
alive,canlı
pick,seçmek
feeling,his
living,yaşamak
cause,neden
ahead,ilerde
lose,kaybetmek
king,kral
plan,plan
dinner,akşam yemeği
sighs,iç çekiş
sort,çeşit
leaving,ayrılma
shouldn,olmamalı
running,koşma
boss,patron
alright,peki
promise,söz
taken,alınmış
safe,güvenli
ma,anne
book,kitap
sent,gönderilmiş
white,beyaz
hour,saat
anybody,kimse
small,küçük
perfect,kusursuz
cause,neden
lives,hayatları
special,özel
parents,ebeveynler
s,s
john,John
himself,kendisi
perhaps,belki
sounds,sesler
serious,cidden
sick,hasta
company,şirket
ha,Ha
scared,korkmuş
uncle,amca dayı
poor,yoksul
red,kırmızı
past,geçmiş
earth,Dünya
possible,mümkün
shoot,film çekmek
touch,dokunmak
sound,ses
top,tepe
ass,eşek
laughs,Gülüyor
cannot,olumsuz
asking,sormak
win,kazanç
glad,memnun
control,kontrol
hmm,Hmm
human,insan
drive,sürmek
hair,saç
jack,jak
bitch,orospu
luck,şans
murder,cinayet
happens,olmak
air,hava
ten,on
daddy,baba
finally,nihayet
chuckles,kıkırdamalar
fast,hızlı
cold,soğuk
seem,gözükmek
laughing,gülerek
words,sözler
hospital,hastane
street,sokak
hang,asmak
dance,dans
meeting,toplantı
till,kadar
others,diğerleri
catch,tutmak
follow,takip et
sense,algı
sex,seks
lie,Yalan
evening,akşam
master,usta
known,bilinen
dream,rüya
write,yazı yazmak
million,milyon
voice,ses
sweet,tatlı
rather,daha doğrusu
felt,keçe
sign,işaret
lucky,şanslı
somewhere,bir yerde
bet,bahis
o,Ö
jesus,isa
longer,uzun
calling,çağrı
worked,çalıştırılmış
quiet,sessizlik
looked,baktı
less,az
pull,çekmek
beat,çırpmak
careful,dikkatli olmak
coffee,Kahve
return,geri dönmek
secret,gizli
weeks,haftalar
weren,Weren
date,tarih
seeing,görme
fall,sonbahar
given,verilen
ooh,ooh
fault,arıza
straight,dümdüz
takes,almak
song,şarkı
future,gelecek
gentlemen,beyler
loved,sevilen
changed,değişen
road,yol
calm,sakinlik
wonderful,olağanüstü
mad,kızgın
turned,döndü
drop,damla
ladies,Hanımlar
learn,öğrenmek
step,adım
absolutely,kesinlikle
early,erken
explain,açıklamak
clean,temiz
piece,adet
yesterday,dün
throw,atmak
picture,resim
land,kara
feet,ayak
wonder,merak etmek
questions,soru
speaking,konuşuyorum
worth,değer
darling,sevgilim
dude,kanka
giving,verme
president,Devlet Başkanı
eye,göz
quick,hızlı
moving,hareketli
figure,figür
state,"belirtmek, bildirmek"
strong,kuvvetli
sam,Sam
none,Yok
amazing,inanılmaz
ones,olanlar
works,İşler
act,davranmak
needed,gerekli
weird,garip
law,yasa
worried,endişeli
report,bildiri
goodbye,Güle güle
missing,eksik
choice,tercih
happening,olay
chief,şef
wedding,düğün
strange,garip
general,genel
pain,Ağrı
am,Ben
kidding,dalga geçmek
decided,karar verilmiş
ya,YA
pass,geçmek
tired,yorgun
class,sınıf
officer,subay
kept,tutulmuş
wake,uyanmak
worse,daha da kötüsü
busy,meşgul
eh,Eh
mistake,hata
kiss,öpücük
court,mahkeme
building,bina
finish,bitiş
during,sırasında
age,yaş
ship,gemi
caught,yakalanmış
marry,evlenmek
meant,anlamına gelen
sell,satmak
dark,karanlık
watching,seyretme
system,sistem
suppose,sanmak
evidence,kanıt
movie,film
ride,sürmek
t,t
completely,tamamen
mouth,ağız
totally,tamamen
birthday,doğum günü
tv,televizyon
forgive,affetmek
born,doğmak
imagine,düşünmek
information,bilgi
instead,yerine
definitely,kesinlikle
security,güvenlik
certainly,kesinlikle
film,film
month,ay
lying,uzanmak
unless,meğer ki
train,tren
seven,Yedi
wear,giymek
clothes,çamaşırlar
michael,Michael
hotel,otel
christmas,Noel
attack,saldırı
hasn,hasta
round,yuvarlak
expect,beklemek
sing,şarkı söyle
terrible,korkunç
george,George
bag,çanta
history,Tarih
blue,mavi
near,yakın
broke,parasız
station,istasyon
seriously,gerçekten
forever,sonsuza kadar
david,David
frank,açık
except,hariç
thinks,düşünüyor
message,İleti
entire,bütün
joe,joe
table,masa
talked,konuştu
across,karşısında
rock,Kaya
lovely,sevimli
handle,üstesinden gelmek
middle,orta
buddy,ahbap
paid,paralı
protect,korumak
using,kullanma
floor,zemin
ran,koştu
swear,küfür
spend,harcamak
situation,durum
ring,yüzük
anywhere,herhangi bir yere
dangerous,tehlikeli
bill,fatura
york,York
army,Ordu
lead,öncülük etmek
bought,satın almak
finished,bitmiş
fair,adil
sun,güneş
letter,mektup
fool,aptal
attention,dikkat
club,kulüp
simple,basit
interesting,ilginç
space,Uzay
test,Ölçek
box,Kutu
group,grup
single,bekar
sitting,oturma
marriage,evlilik
join,katılmak
fear,korku
d,d
peace,Barış
forgot,Unuttun
force,Kuvvet
short,kısa
normal,normal
charlie,Charlie
present,Sunmak
enjoy,Eğlence
mike,Mike
crime,suç
horse,atış
ground,zemin
american,Amerikan
count,saymak
area,alan
charge,şarj etmek
honor,onur
lunch,öğle yemeği
miles,mil
radio,radyo
idiot,salak
ball,top
surprise,sürpriz
paper,kağıt
key,anahtar
boat,bot
quickly,hızlı bir şekilde
gold,altın
bar,bar
fish,balık
mark,işaret
tom,tom
wearing,giyme
crying,ağlama
accident,kaza
government,devlet
eight,sekiz
fell,düşmüş
cover,kapak
certain,belirli
interested,Ilgilenen
deep,derin
star,yıldız
sea,deniz
agree,Katılıyorum
problems,sorun
detective,dedektif
prison,hapishane
major,ana
stick,Çubuk
offer,teklif
difficult,zor
smart,akıllı
personal,kişisel
record,kayıt
stopped,durdu
hide,saklamak
whether,ikisinden biri
bank,banka
trip,seyahat
relax,rahatlamak
america,Amerika
public,halka açık
list,liste
afternoon,öğleden sonra
brain,beyin
fix,düzeltmek
bastard,piç
proud,gurur duymak
tea,Çay
service,hizmet
screaming,bağıran
forward,ileri
angry,sinirli
park,park
soul,ruh
fighting,savaş
peter,Peter
rich,zengin
agent,ajan
blow,üflemek
paul,Paul
dress,elbise
mary,Mary
missed,eksik
scene,sahne
killing,öldürme
standing,ayakta duran
saved,kurtarılmış
mm,mm
respect,saygı
killer,katil
ice,buz
mess,dağınıklık
tough,zorlu
feels,hisler
church,kilise
sad,üzgün
cell,hücre
drunk,sarhoş
share,Paylaş
camera,kamera
mm-hmm,mm-hmm
within,içinde
card,kart
fly,uçmak
ben,ben
girlfriend,kız arkadaşı
laugh,kahkaha
smell,koku
broken,bozuldu
mum,anne
honest,dürüst
often,sıklıkla
starting,Başlangıç
calls,çağrı
y,y
spent,harcanmış
third,üçüncü
english,ingilizce
visit,ziyaret
mama,anne
judge,yargıç
window,pencere
hungry,aç
dare,cesaret etmek
relationship,ilişki
moved,etkilenmiş
prove,ispat et
private,özel
wall,duvar
seat,oturma yeri
i-i,I-I
position,konum
lieutenant,teğmen
realize,fark etmek
lt,lt
especially,özellikle
machine,makine
walking,yürüme
art,sanat
pleasure,Zevk
bloody,kanlı
college,kolej
french,Fransızca
involved,dahil olmuş
cry,ağlamak
became,olmuş
lived,yaşamış
impossible,imkansız
obviously,açıkça
neither,hiç biri
accept,kabul
boyfriend,erkek arkadaş
besides,dışında
queen,kraliçe
teacher,öğretmen
cops,polisler
sake,uğruna
loves,sevgiler
carry,Taşımak
teach,öğretmek
apartment,apartman
upset,üzgün
green,Yeşil
la,la
liked,sevilen
cute,Şirin
evil,fenalık
professor,profesör
contact,İletişim
joke,şaka
cop,polis
huge,Kocaman
holy,kutsal
store,mağaza
jail,hapishane
likes,seviyor
lawyer,avukat
doubt,şüphe
continue,devam et
appreciate,takdirle karşılamak
cat,kedi
shop,Dükkan
driving,sürme
congratulations,Tebrikler
wrote,yazılı
village,köy
quit,çıkış yapmak
field,tarla
james,James
wine,şarap
decision,karar
south,güney
sleeping,uyuyor
slow,yavaş
laughter,kahkaha
island,ada
glass,bardak
beginning,başlangıç
cash,peşin
dying,ölme
hundred,yüz
whose,kimin
difference,fark
plane,uçak
push,itmek
continues,devam ediyor
mmm,mmm
singing,Şarkı söyleme
eating,yemek yiyor
north,kuzey
mrs,Bayan
tree,ağaç
madam,bayan
gift,hediye
truck,kamyon
putting,koyma
bear,ayı
board,yazı tahtası
grab,yakalamak
beer,bira
stuck,sıkışmak
magic,büyü
support,destek
rules,tüzük
grunts,homurdanma
partner,ortak
reach,ulaşmak
wind,rüzgâr
colonel,albay
max,maksimum
immediately,hemen
seconds,saniye
thousand,bin
gives,vermek
experience,tecrübe etmek
cheers,şerefe
victim,kurban
upon,üzerine
computer,bilgisayar
christ,Mesih
planet,gezegen
promised,söz
bus,otobüs
henry,Henry
dirty,kirli
search,Ara
staying,kalma
dreams,hayaller
arrest,tutuklanmak
holding,tutma
suddenly,birden
usually,genelde
lots,çok
shoes,ayakkabı
er,er
jump,zıplamak
rid,kurtulmak
yo,Yo
knock,vuruş
owe,borçlu olmak
harry,Harry
grow,büyümek
worst,en kötüsü
river,nehir
aunt,hala
patient,hasta
kitchen,mutfak
aah,Aah
fat,şişman
passed,geçti
m,m
final,son
summer,yaz
bob,bob
listening,dinleme
escape,kaçmak
everywhere,her yerde
moon,ay
arms,silâh
turns,dönüş
address,adres
ow,ow
match,kibrit
gasps,solumak
grand,büyük
yep,Evet
shh,shh
nervous,gergin
de,de
choose,Seç
themselves,kendileri
decide,karar vermek
mate,mat
drinking,içme
press,basmak
bother,rahatsız etmek
foot,ayak
hadn,vardı
blame,suçlamak
crap,saçmalık
drugs,ilaçlar
type,tip
rings,yüzük
mission,misyon
named,adlandırılmış
heaven,cennet
ii,II
picked,seçilmiş
paris,Paris
race,ırk
risk,risk
books,kitabın
further,daha öte
danny,Danny
action,eylem
allowed,izin verilmiş
orders,emirler
learned,öğrendi
price,fiyat
arrived,ulaşmış
nick,Nick
otherwise,aksi halde
pictures,resimler
fit,Uygun
smoke,Sigara içmek
favor,iyilik
played,çalınan
notice,farkına varmak
awesome,süper
smile,gülümsemek
director,müdür
guard,koruma
begin,başlamak
spot,leke
surprised,şaşırmış
innocent,masum
narrator,dış ses
herself,kendini
london,Londra
feelings,duygu
enemy,düşman
battle,savaş
ourselves,kendimizi
alex,Alex
dollars,dolar
allow,izin vermek
nine,dokuz
gay,eşcinsel
department,Bölüm
guilty,suçlu
apart,ayrı
earlier,daha erken
duty,görev
jim,Jim
suit,uygun olmak
bell,zil
west,Batı
legs,bacaklar
hero,kahraman
destroy,tahrip etmek
stage,sahne
bunch,demet
according,binaen
chicken,Tavuk
bigger,daha büyük
grunting,homurdanma
low,düşük
helping,yardım ediyor
admit,Kabul et
closed,kapalı
names,isimler
witness,tanık
upstairs,üst katta
arm,kol
steal,çalmak
jimmy,Jimmy
kick,tekme atmak
twice,iki defa
cross,geçmek
ways,yol
sergeant,Çavuş
indeed,aslında
gas,gaz
keeping,tutma
energy,enerji
pregnant,hamile
waste,atık
helped,yardım etti
fired,işten çıkarmak
favorite,favori
tony,Tony
taste,tatmak
locked,kilitli
places,yer
writing,yazı
adam,Adam
brothers,Kardeşler
starts,başlamak
prince,prens
form,biçim
sold,satıldı
silly,şapşal
mention,Anma
build,yapı
throat,boğaz
hole,delik
figured,figürlü
track,izlemek
ringing,zil sesi
lock,kilit
leg,bacak
above,üstünde
hiding,saklanma
steve,Steve
seemed,göründü
breakfast,kahvaltı
engine,motor
written,yazılı
complete,tamamlamak
video,video
applause,alkış
however,fakat
pressure,baskı yapmak
fresh,taze
weapon,silah
sky,gökyüzü
ms.,Hanım.
stole,çalkalamak
study,ders çalışma
burn,yakmak
reading,okuma
crowd,kalabalık
treat,davranmak
roll,rulo
double,çift
spirit,ruh
danger,tehlike
cost,maliyet
empty,boş
level,seviyesi
memory,hafıza
itself,kendisi
acting,oyunculuk
interest,faiz
nose,burun
plans,planlar
following,Takip etmek
bathroom,banyo
built,inşa edilmiş
closer,daha yakın
ray,ray
sarah,Sarah
band,grup
groans,inilti
apparently,görünen o ki
excited,heyecanlı
richard,Richard
losing,kaybeden
animals,hayvan
flight,uçuş
nature,doğa
raise,artırmak
pop,pop
client,müşteri
bomb,bomba
neck,boyun
suspect,şüphelenmek
warm,"Ilık, hafif sıcak"
extra,ekstra
bottle,şişe
van,kamyonet
heavy,ağır
mommy,anne
dogs,köpekler
wild,vahşi
ridiculous,gülünç
simply,basitçe
lee,LEE
animal,hayvan
showed,gösterişli
billy,fatura
shooting,çekim
keeps,tutar
camp,kamp
guns,tabanca
medical,tıbbi
shame,utanç
hoping,umursama
whom,kime
bird,kuş
majesty,ihtişam
flowers,Çiçekler
famous,tanınmış
asleep,uyuya kalmak
beauty,güzellik
driver,şoför
keys,anahtarlar
rain,yağmur
awful,berbat
large,büyük
local,yerel
deserve,hak etmek
goddamn,lanet olası
stone,taş
jane,Jane
grace,lütuf
consider,düşünmek
weekend,hafta sonu
wondering,merak ediyor
lay,sermek
plenty,bolca
willing,hevesli
pants,pantolon
sweetheart,sevgilim
skin,deri
excellent,harika
asshole,Pislik
beach,plaj
c,c
faith,inanç
beg,dilenmek
fuckin,lanet olası
responsible,sorumluluk sahibi
military,askeri
cheering,tezahürat
opportunity,fırsat
common,Yaygın
bottom,alt kısım
german,Almanca
whoever,her kim
cook,pişirmek
walked,yürüdü
papers,kağıtlar
justice,adalet
hall,salon
commander,komutan
drug,ilaç
main,ana
knife,bıçak
devil,şeytan
necessary,gerekli
although,olmasına rağmen
princess,prenses
lights,ışık
flying,uçan
dick,sik
rose,gül
knowing,bilen
clearly,Açıkça
hat,şapka
agreed,kabul
johnny,Johnny
corner,köşe
code,kodlamak
note,Not
tommy,Tommy
due,vadesi dolmuş
correct,doğru
apologize,özür dilemek
language,dil
stars,yıldızlar
faster,Daha hızlı
cars,arabalar
folks,millet
bullshit,saçmalık
i.,i.
fellow,dost
several,birkaç
grandma,büyükanne
shows,şov
leader,Önder
leaves,yapraklar
restaurant,restoran
east,doğu
shouting,bağırmak
blind,kör
ghost,hayalet
cup,Fincan
gotten,kazanılmış
tight,sıkı
conversation,konuşma
tells,anlatır
lies,yalanlar
nor,ne
pulled,çekilmiş
hanging,asılı
speed,hız
stories,hikayeler
health,sağlık
advice,tavsiye
held,Kavradı
uh-huh,HI-hı
murdered,öldürülmüş
beyond,öte
rule,kural
hardly,zorlukla
possibly,muhtemelen
inspector,müfettiş
cousin,hala kızı
trial,duruşma
emergency,acil durum
ought,zorunlu
eddie,Eddie
somehow,bir şekilde
hearing,işitme
states,eyaletler
account,hesap
spoke,konuşan
file,dosya
understood,anladım
angel,melek
tape,kaset
milk,Süt
powerful,güçlü
weapons,silahlar
practice,uygulama
manager,müdür
pardon,Pardon
vote,oy
jake,jake
national,Ulusal
career,kariyer
minister,bakan
super,Süper
taught,öğretilen
robert,Robert
biggest,en büyük
plays,oyunlar
natural,doğal
dancing,dans
copy,kopya
plus,artı
martin,Martin
cake,Kek
freedom,özgürlük
among,arasında
breath,nefes
operation,operasyon
chris,Chris
crew,mürettebat
challenge,meydan okuma
market,pazar
meat,et
towards,karşı
bringing,getirme
dropped,düşmüş
student,Öğrenci
lied,Yalan
strength,kuvvet
size,boy
breathe,nefes almak
color,renk
monster,canavar
loud,yüksek sesle
photo,Fotoğraf
aw,aw
nearly,neredeyse
sight,görme
greatest,En büyük
games,oyunlar
bridge,köprü
dressed,giyinmiş
arrested,tutuklanmış
horrible,berbat
coach,antrenör
planning,planlama
checked,kontrol
breaking,son Dakika
noticed,algılanan
fantastic,fantastik
screams,çığlıklar
serve,servis
ideas,fikir
investigation,soruşturma
center,merkez
older,daha eski
pack,ambalaj
soldiers,asker
nonsense,anlamsız
doc,doc
project,proje
training,Eğitim
example,örnek vermek
trick,kandırmak
prepared,hazırlanmış
science,bilim
united,Birleşik
travel,yolculuk
incredible,inanılmaz
grandpa,büyükbaba
paying,ödeme
character,karakter
teeth,dişler
criminal,adli
charles,Charles
chinese,Çince
truly,tamamen
honestly,gerçekten
bro,kanka
survive,hayatta kalmak
bobby,bobby
target,hedef
feed,beslemek
nurse,hemşire
e,e
fake,numara yapmak
records,kayıtlar
breathing,nefes alma
sweetie,Tatlım
numbers,sayılar
oil,sıvı yağ
suicide,intihar
belong,ait olmak
whoo,Whoo
perfectly,mükemmel bir şekilde
amy,Amy
forgotten,unutulmuş
remain,geriye kalmak
original,orijinal
papa,papa
onto,üzerine
concerned,endişeli
credit,kredi
ugh,ugh
invited,davetli
discuss,tartışmak
research,Araştırma
easier,Daha kolay
view,görüş
chair,sandalye
hurts,canı yanmak
strike,vuruş
roger,Roger
fill,doldurmak
condition,şart
mountain,dağ
dr,dr
nowhere,Hiçbir yerde
sheriff,şerif
kim,Kimlik
turning,dönme
brown,Kahverengi
recognize,tanımak
heads,kafalar
audience,kitle
all,herşey
jealous,kıskanç
pretend,numara yapmak
society,toplum
finding,bulma
shirt,gömlek
comfortable,rahat
meaning,anlam
guest,misafir
pieces,parçalar
dry,kuru
letting,izin vermek
began,başlamak
aye,ayyaş
jeff,Jeff
female,dişi
release,serbest bırakmak
ho,ho
cards,kart
pray,dua
unfortunately,maalesef
balls,toplar
destroyed,yerlebir edilmiş
ended,Bitti
universe,Evren
prepare,Hazırlamak
opinion,fikir
movies,filmler
soldier,asker
wash,yıkamak
program,program
heat,sıcaklık
usual,olağan
ticket,bilet
stolen,çalınan
prefer,tercih
aware,farkında olmak
surely,elbette
male,erkek
base,temel
matters,meseleler
lift,kaldırmak
lab,laboratuvar
command,emretmek
proof,kanıt
cream,krem
selling,satış
believed,inanmış
create,oluşturmak
h,h
afford,parası yetmek
sunday,pazar
total,Toplam
dumb,sersem
threw,attı
france,Fransa
birth,doğum
created,yaratılmış
realized,gerçekleştirilmiş
british,ingiliz
noise,"gürültü, ses"
nuts,Fındık
students,öğrenciler
birds,kuşlar
social,sosyal
brilliant,muhteşem
bodies,bedenler
tie,bağlamak
opened,açıldı
ours,bizim
bucks,para
kevin,Kevin
mister,bay
ugly,çirkin
ryan,Ryan
focus,odak
dan,dan
opens,açılır
exist,mevcut
followed,takip etti
england,İngiltere
draw,Berabere
purpose,amaç
letters,edebiyat
daniel,Daniel
opening,açılış
bullet,mermi
anna,Anna
lately,son zamanlarda
stayed,kalmış
falling,düşme
season,mevsim
ends,son
suggest,önermek
joy,neşe
distance,mesafe
responsibility,sorumluluk
whenever,ne zaman olursa
issue,sorun
thousands,binlerce
process,işlem
sword,kılıç
shower,duş
weak,zayıf
fucked,becerikli
lonely,yalnız
happiness,mutluluk
eric,Eric
tiny,minik
desk,çalışma masası
pool,havuz
property,Emlak
forced,zoraki
settle,yerleşmek
indistinct,belirsiz
weight,ağırlık
received,Alınan
gang,çete
bite,lokma
friday,Cuma
disappeared,ortadan kayboldu
interview,röportaj yapmak
expecting,bekleyen
kinda,gibi
surgery,ameliyat
horses,atlar
mayor,Belediye Başkanı
babe,bebek
ancient,Antik
handsome,yakışıklı
thomas,Thomas
saturday,cumartesi
staff,Personel
lines,çizgiler
unit,birim
fan,fan
gentleman,beyefendi
introduce,takdim etmek
fate,kader
split,bölmek
recently,son günlerde
expected,beklenen
add,Ekle
ordered,emredilmiş
slowly,yavaş yavaş
alarm,alarm vermek
member,üye
slept,uyudu
signed,imzalı
enter,girmek
spanish,İspanyol
garden,Bahçe
brings,getiriyor
brave,cesur
pig,domuz
model,model
finger,parmak
medicine,ilaç
access,erişim
failed,başarısız oldu
flat,düz
easily,kolayca
discovered,keşfetti
based,temelli
screw,vida
insane,inanılmaz
cares,umursama
weather,hava durumu
fingers,parmaklık
san,saniye
scott,Scott
path,yol
soft,yumuşak
harm,zarar
style,stil
community,toplum
sees,görüyor
basically,temel olarak
al,al
signal,sinyal
nope,Hayır
spare,kıyamamak
speech,konuşma
covered,kapalı
shake,sallamak
loose,gevşetmek
snow,kar
russian,Rusça
lake,göl
bright,parlak
roof,çatı
ohh,Aah
sending,gönderme
paint,boyamak
remind,hatırlatmak
pal,dost
naked,çıplak
post,İleti
sugar,Şeker
heading,başlık
streets,sokaklar
damage,hasar
silence,sessizlik
doors,kapılar
pete,Pete
ed,ED
success,başarı
wet,ıslak
nah,Hayır
amount,miktar
members,üyeler
kate,Kate
manage,üstesinden gelmek
safety,Emniyet
returned,iade
harder,Daha güçlü
fbi,FBI
block,engellemek
showing,gösteriş
fancy,süslü
chef,şef
contract,sözleşme
dig,kazmak
chest,göğüs
good-bye,Güle güle
drinks,içecekler
dave,Dave
buried,gömülü
brian,Brian
trade,ticaret
journey,seyahat
stomach,karın
changes,değişim
details,detaylar
thoughts,düşünceler
divorce,boşanmak
funeral,cenaze
maria,Maria
football,Futbol
reality,gerçeklik
theory,teori
gosh,Allah Allah
ruined,harap
gate,geçit
william,William
spread,yayılmış
outta,çıkıntı yapmak
japanese,Japonca
sudden,birden
coat,kaplamak
sooner,Er
cheese,peynir
larry,Larry
spring,bahar
page,sayfa
ears,kulaklar
simon,Simon
castle,kale
hidden,gizlenmiş
storm,fırtına
cos,cos
personally,Şahsen
artist,sanatçı
hill,Tepe
exciting,heyecan verici
permission,izin
jerry,Jerry
expensive,masraflı
tickets,biletler
forest,orman
barely,zar zor
eggs,yumurtalar
goin,içeri gir
regret,pişmanlık
lesson,ders
lover,sevgili
bread,ekmek
andy,Andy
subject,ders
legal,yasal
growing,büyüyen
ill,hasta
jason,Jason
mood,mod
owner,mal sahibi
caused,neden oldu
beeping,bip sesi çıkaran
points,puan
dating,flört
loss,kayıp
secretary,Sekreter
revenge,intikam
santa,Noel Baba
likely,büyük ihtimalle
rent,kiraya vermek
connection,bağlantı
assistant,asistan
reasons,sebepler
yelling,bağırmak
painting,tablo
trees,ağaçlar
doctors,doktor
rush,acele etmek
foreign,Dış
rough,kaba 
murderer,katil
century,yüzyıl
nights,geceler
pair,çift
runs,koşar
pocket,cep
farm,Çiftlik
matt,mat
bike,bisiklet
obvious,bariz
ate,yemek yedi
grew,büyümüş
professional,profesyonel
tim,tim
goodness,iyilik
parts,parça
alan,Alan
university,Üniversite
square,Meydan
grandfather,Büyük baba
europe,Avrupa
genius,dahi
cases,dava
ruin,harabe
winter,kış mevsimi
tongue,dil
memories,hatıralar
da,DA
buying,alış
cancer,kanser
clock,saat
ocean,okyanus
dna,DNA
liar,yalancı
tour,tur
thief,hırsız
bleep,bip
lisa,Lisa
rights,Haklar
including,dahil olmak üzere
competition,yarışma
smith,Smith
planned,planlanmış
emily,Emily
boring,sıkıcı
victims,kurban
mentioned,adı geçen
bones,kemikler
plant,bitki
bless,kutsamak
warning,uyarı
knocking,çalma
re,tekrar
crash,kaza
bedroom,yatak odası
lower,daha düşük
silver,gümüş rengi
groaning,inleme
madame,Madam
defense,savunma
results,Sonuçlar
toilet,tuvalet
event,Etkinlik
complicated,karmaşık
shape,şekil
priest,rahip
royal,Kraliyet
cheap,ucuz
romantic,romantik
downstairs,alt kat
invite,Davet et
fortune,talih
tears,göz yaşları
avoid,önlemek
reached,ulaşmış
higher,daha yüksek
familiar,tanıdık
telephone,telefon
burning,yanma
filled,dolu
kelly,Kelly
alice,Alice
airport,havalimanı
jobs,Meslekler
grown,büyümüş
walter,Walter
rachel,Rachel
giant,dev
insurance,sigorta
woods,orman
n,n
scare,Korkmak
pleased,memnun
period,dönem
political,siyasi
player,oyuncu
stops,duraklar
secrets,sırlar
laura,Laura
repeat,tekrar et
photos,fotoğraflar
finds,bulurlar
statement,ifade
suck,emmek
younger,daha genç
china,Çin
humans,insanlar
delicious,lezzetli
particular,belirli
proper,düzgün
rome,Roma
belongs,aittir
attacked,saldırıya uğramış
bath,banyo
hired,işe alınmış
site,alan
knowledge,bilgi
b,b
led,neden olmuş
guests,Misafirler
celebrate,kutlamak
map,harita
horn,Boynuz
eventually,Sonuçta
pity,yazık
powers,güçler
ashamed,utanmış
assume,farz etmek
glasses,Gözlük
rise,yükselmek
fixed,sabit
request,rica etmek
officers,memurlar
pounds,pound
data,veri
carefully,dikkatlice
per,başına
depends,bağlı olmak
jury,jüri
waited,bekledi
positive,pozitif
attorney,avukat
direction,yön
families,aileler
clock,saat
doin,iş yapmak
forces,kuvvetler
location,yer
walls,duvarlar
useless,Faydasız
grant,hibe
saving,tasarruf
speaks,konuşuyor
fought,kavga etti
meal,yemek
deliver,teslim etmek
answers,Yanıtlar
changing,değiştirme
temple,tapınak şakak .. mabet
scary,korkutucu
millions,milyonlarca
offered,teklif edilen
regular,düzenli
carrying,taşıma
official,resmi
jacket,ceket
switch,değiştirmek
grave,mezar
chase,kovalamak
role,rol
odd,garip
sexy,seksi
faces,yüzler
becomes,hale gelmek
closes,kapanır
badly,kötü
tall,uzun boylu
confused,Şaşkın
affair,mesele
television,televizyon
shock,şok
raised,kabarık
panting,nefes nefese
pizza,Pizza
image,imaj
clears,temizlik
golden,altın
patients,hastalar
watched,izlemiş
committed,bağlılık
sexual,cinsel
suffer,acı çekmek
arthur,Arthur
wherever,her nerede
plate,plaka
appear,belli olmak
chocolate,çikolata
clever,akıllı
hm,HM
mercy,merhamet
shots,çekim
lucy,Lucy
dealing,anlaşma
trap,tuzak
charges,suçlama
phil,Fil
bang,patlama
poison,zehir
butt,çan
drove,sürdü
yourselves,kendiniz
headed,başlı
babies,bebekler
yellow,sarı
soup,çorba
mystery,gizem
picking,toplama
sat,doygunluk
wound,yara
traffic,trafik
courage,cesaret
hunt,avlanmak
indian,Hintli
rat,fare
terms,şartlar
italian,İtalyan
emma,Emma
checking,kontrol etme
disease,hastalık
managed,yönetilen
winner,kazanan
council,konsey
appointment,randevu
monday,pazartesi
crack,çatırtı
threat,tehdit
jenny,Jenny
physical,fiziksel
nation,ulus
source,kaynak
chose,seçkin
healthy,sağlıklı
carl,carl
victory,zafer
rick,Rick
stood,durdu
kicked,tekme atmış
annie,Annie
disgusting,iğrenç
palace,Saray
below,altında
shopping,alışveriş yapmak
neighborhood,komşu
march,Mart
lips,dudak
midnight,gece yarısı
piss,işemek
advantage,avantaj
pure,saf
india,Hindistan
aside,bir kenara
jerk,sarsmak
mail,posta
dawn,şafak
effect,Efekt
spell,hecelemek
freak,çatlak
wood,Odun
screwed,berbat
enemies,düşman
gary,Gary
awake,uyanmak
chuckling,kıkırdayan
vacation,tatil
violence,şiddet
leo,leo
grandmother,Nene
modern,modern
luke,Luke
firm,firma
prime,önemli
heh,heh
touched,dokunaklı
talent,yetenek
whore,fahişe
piano,piyano
license,lisans
cooking,yemek pişirme
honour,onur
concern,ilgilendirmek
moves,hareketler
available,mevcut
factory,fabrika
gods,tanrılar
value,değer
central,merkezi
union,Birlik
mirror,ayna
studio,stüdyo
media,medya
taxi,taksi
dies,ölür
iron,ütü
hearts,kalp
desire,arzu
rob,soymak
claire,Claire
fred,fred
songs,şarkılar
washington,Washington
monkey,maymun
pride,gurur
pills,haplar
miracle,mucize
swim,yüzmek
burned,yanmış
smells,koku
joking,şaka
christian,Hıristiyan
bleeding,kanama
hook,kanca
beating,dayak
protection,koruma
treatment,tedavi
ear,kulak
carter,carter
metal,metal
disappear,kaybolmak
grateful,minnettar
extremely,aşırı boyutta
treasure,hazine
rescue,kurtarmak
capable,yetenekli
passing,geçen
chatter,çenek
result,sonuç
suffering,cefa
sisters,kız kardeşler
laid,yataklı
governor,Vali
guards,muhafızlar
louis,Louis
text,metin
literally,kelimenin tam anlamıyla
remove,kaldırmak
becoming,bulma
performance,verim
stronger,Daha güçlü
rate,oran
deeply,derinlemesine
scream,çığlık
desert,çöl
vehicle,araç
illegal,yasadışı
pulling,çeken
throwing,atma
josh,josh
unbelievable,Inanılmaz
ted,Ted
zero,sıfır
dean,Dekan
curious,Meraklı
sean,Sean
candy,Şeker
bone,kemik
tied,bağlı
edge,kenar
load,yük
susan,susan
ahh,Ahh
mountains,dağlar
boom,Boom
former,önceki
holiday,tatil
riding,binme
scoffs,çırpma
hundreds,yüzlerce
motherfucker,orospu çocuğu
sue,Dava açmak
bags,çantalar
stealing,çalma
appears,görünmek
arrive,varmak
remains,kalıntılar
decent,terbiyeli
issues,konular
tip,İpucu
fail,başarısız
bride,gelin
pissed,sinirli
penny,kuruş
claim,iddia
friendship,dostluk
desperate,çaresiz
flower,çiçek
dramatic,dramatik
refuse,reddetmek
solve,çözmek
theme,tema
loving,sevgi dolu
properly,uygun şekilde
dragon,Ejderha
mostly,çoğunlukla
chuck,palavra
directly,direkt olarak
surface,yüzey
FALSE,YANLIŞ
cast,döküm
junior,genç
hunting,avcılık
silent,sessiz
thou,sen
egg,Yumurta
germany,Almanya
punch,yumruk
africa,Afrika
woke,uyandı
intelligence,zeka
borrow,borç almak
winning,kazanan
falls,düşme
popular,popüler
escaped,kaçtı
witch,cadı
convinced,ikna edilmiş
warn,uyarmak
announcer,spiker
champagne,Şampanya
dust,toz
kyle,Kyle
someday,bir gün
fallen,düşmüş
stranger,yabancı
presence,mevcudiyet
tear,göz yaşı
st.,st.
internet,internet
monsieur,mösyalı
therefore,öyleyse
technology,teknoloji
tires,lastikler
toast,kızarmış ekmek
wise,bilge
clark,Clark
americans,Amerikalılar
notes,notalar
smoking,sigara içmek
hank,çile
ls,LS
april,Nisan
wolf,Kurt
precious,değerli
rooms,Odalar
coast,sahil
treated,işlem görmüş
material,malzeme
released,piyasaya sürülmüş
uniform,üniforma
hated,nefret
considered,düşünülen
rice,pilav
exchange,takas etmek
steps,adım
blake,Blake
convince,ikna etmek
beast,canavar
cow,inek
files,Dosyalar
signs,işaretler
drag,sürüklemek
cab,taksi
hung,asılı
carried,taşınan
ordinary,sıradan
successful,başarılı
eve,havva
mistakes,hatalar
houses,evler
chattering,geveze
brains,beyin
japan,Japonya
creature,yaratık
fourth,dördüncü
separate,ayırmak
cleaning,temizlik
california,Kaliforniya
lf,LF
ll,LL
shift,vardiya
elizabeth,Elizabeth
chicago,Chicago
exact,bire bir aynı
karen,karen
goal,hedef
expert,uzman
served,servis edilen
direct,yönlendirmek
score,Puan
row,sıra
marks,iz
twenty,yirmi
receive,teslim almak
series,dizi
section,bölüm
pilot,pilot
jackson,Jackson
darkness,karanlık
thy,senin
sale,satış
destiny,alın yazısı
cure,Çare
spoken,konuşulmuş
armed,silahlı
rare,nadir
helen,Helen
grade,seviye
juice,Meyve suyu
wide,geniş
tower,kule
solution,çözüm
schedule,takvim
explosion,patlama
wheel,teker
cigarette,sigara
julie,Julie
fruit,meyve
blew,havaya uçmak
victor,zafer
talks,görüşmeler
sacrifice,kurban etmek
range,Aralık
button,buton
reports,raporlar
prisoner,mahkum
pie,turta
effort,çaba
youth,gençlik
pot,tencere
eaten,yenilmiş
taylor,Taylor
knees,dizler
garage,garaj
parking,otopark
ambulance,ambulans
staring,bakmak
chances,şans
circumstances,koşullar
sin,günah
gordon,Gordon
progress,ilerleme
unusual,olağan dışı
county,ilçe
stairs,merdivenler
campaign,kampanya
mon,Mon
vision,görüş
reporter,muhabir
equipment,teçhizat
moments,anlar
joey,joey
mass,kitle
alien,yabancı
trapped,hapsolmuş
helps,yardım eder
route,rota
defend,savunmak
trace,iz
nasty,edepsiz
tests,testler
magazine,dergi
rocks,kayalar
dump,çöplük
rude,kaba
searching,Aranıyor
clue,ipucu
connected,bağlı
amen,amin
pushed,zorla
merry,şen
zone,alan
senior,kıdemli
closing,kapanış
freeze,donmak
emperor,imparator
incident,olay
snake,yılan
mexico,Meksika
lily,zambak
actor,aktör
newspaper,gazete
sentence,cümle
greg,Greg
leading,önde gelen
friendly,arkadaş canlısı
jones,Jones
chosen,seçilmiş
engaged,nişanlı
julia,Julia
charming,büyüleyici
mustn,yok
anger,kızgınlık
spending,harcama
learning,öğrenme
spy,casus
sharp,keskin
shadow,gölge
warrant,garanti
elevator,asansör
kingdom,krallık
ricky,alıkoyan
jamie,Jamie
squad,Tayfa
shoulder,omuz
wave,dalga
amanda,Amanda
highness,majester
kinds,türler
fishing,Balık tutma
sometime,bazen
attitude,davranış
sucks,berbat
negative,olumsuz
screen,ekran
workers,işçi
bored,sıkılmış
cameras,kameralar
similar,benzer
understanding,anlayışlı
beeps,bip sesi
chain,zincir
bull,Boğa
gasping,gıcırdatma
fully,tamamen
robin,robin
collect,toplamak
gorgeous,muhteşem
morgan,Morgan
passion,tutku
writer,yazar
empire,imparatorluk
international,Uluslararası
curse,küfür
hire,kiralama
bastards,piç
puts,koyulur
leads,kurşunlar
id,İD
blows,darbe
sons,oğullar
estate,arazi
customers,müşteriler
maggie,Maggie
gunshot,ateşli silah
i-,i-
device,cihaz
troops,birlikler
hug,sarılmak
design,tasarım
movement,hareket
thunder,gök gürültüsü
object,nesne
loser,ezik
pen,kalem
sobbing,hıçkırık
politics,siyaset
despite,aksine
alcohol,alkol
climb,tırmanış
clients,müşteriler
conference,konferans
provide,sağlamak
marty,kantal
seek,aramak
witnesses,tanıklar
earn,para kazanmak
trash,çöp
valley,vadi
fashion,moda
howard,Howard
episode,bölüm
prize,ödül
previously,Önceden
sports,Spor Dalları
wanting,isteyen
debt,borç
wishes,dilek
hitler,Hitler
wire,tel
thee,sana
circle,daire
approach,yaklaşmak
stock,"stok, mevcut"
facts,Gerçekler
remembered,hatırladı
percent,yüzde
normally,normalde
tail,kuyruk
joined,katıldı
education,Eğitim
bravo,Bravo
library,kütüphane
rape,tecavüz etmek
wings,kanatlar
growling,hırsızlık
thrown,atılan
tank,tank
exhales,ekshales
authority,yetki
current,akım
failure,arıza
nightmare,kâbus
hitting,isabet
glory,görkem
knocked,vurulmuş
studying,ders çalışıyor
barry,barry
agency,Ajans
apple,elma
border,sınır
rope,İp
duck,ördek
reputation,itibar
confidence,kendinden emin
yard,avlu
beloved,Sevilen
lack,eksiklik
actual,gerçek
skills,Beceriler
films,filmler
mental,akıllı
salt,tuz
flesh,beden
anne,Anne
secure,güvenli
highly,büyük ölçüde
federal,federal
sand,kum
emotional,duygusal
setting,ayar
nothin,hiçbirşey
senator,senatör
services,Hizmetler
robbery,soygun
hates,nefret
fed,Besledi
reward,ödül
theater,tiyatro
johnson,Johnson
commit,işlemek
patrick,Patrick
entirely,Baştan sona
extraordinary,olağanüstü
ships,gemiler
opposite,zıt
parties,partiler
stands,STANDLAR
terry,Terry
chat,sohbet
events,Etkinlikler
mummy,mumya
bay,Defne
slip,kaymak
disappointed,hüsrana uğramış
settled,yerleşmiş
begins,başlar
andrew,Andrew
alert,uyarmak
detail,detay
pink,pembe
fellas,adam
accepted,kabul edilmiş
background,arka fon
garbage,çöp
panic,panik
minds,zihinler
belt,kemer
blowing,üfleme
hollywood,Hollywood
agreement,anlaşma
jackie,Jackie
pushing,itme
ability,kabiliyet
tiger,kaplan
whispering,fısıldayan
culture,kültür
saint,aziz
jesse,Jesse
task,görev
solid,sağlam
doll,oyuncak bebek
intend,niyet etmek
district,semt
pa,pa
gee,gee
custody,velayet
ignore,göz ardı etmek
naturally,doğal olarak
useful,kullanışlı
attempt,girişim
abandoned,terk edilmiş
cutting,kesme
kissed,öptü
guarantee,garanti
barking,havlayan
gather,toplamak
policy,politika
u.s.,biz.
violent,şiddetli
maid,hizmetçi
embarrassing,utandırıcı
childhood,çocukluk
wasting,israf
bow,yay
chick,piliç
sara,Sara
disaster,felaket
revolution,devrim
online,internet üzerinden
f,f
demon,iblis
heavily,ağır şekilde
coincidence,tesadüf
perform,rol yapmak
thin,ince
terrific,müthiş
mac,Mac
crown,taç
identity,Kimlik
virgin,bakire
impressive,etkileyici
windows,pencereler
no-one,kimse
potential,potansiyel
guitar,gitar
committee,Kurul
dozen,düzine
delivery,teslimat
advance,ilerlemek
quietly,sessizce
stan,stan
teaching,öğretim
hunter,avcı
latest,En son
hurting,acı
swing,sallanmak
capital,başkent
counting,sayma
drew,çizdi
dirt,kir
whistle,ıslık
marie,Marie
hits,vuruş
doug,Doug
deny,inkar etmek
urgent,acil
threatened,tehdit altındaki
behavior,davranış
molly,Molly
mixed,karışık
stays,kalır
assure,temin etmek
subtitles,altyazılar
explanation,açıklama
wins,kazanır
unique,benzersiz
chasing,avcılık
billion,milyar
duke,dük
production,üretme
slave,köle
agents,ajanlar
carol,carol
lets,Haydi
cruel,zalim
mask,maske
sally,Sally
behave,Davranmak
bury,gömmek
massive,cüsseli
pathetic,acınası
species,Türler
approaching,yaklaşan
jo,jo
loan,borç
struggle,mücadele etmek
dish,tabak
trusted,güvenilir
jumped,atlamalı
firing,ateşleme
channel,kanal
abby,Abby
stopping,Durduruluyor
asks,sorar
jean,jean
swimming,yüzme
daily,günlük
basement,bodrum
linda,Linda
quarter,çeyrek
erm,erm
bound,ciltli
navy,Donanma
article,makale
guide,rehberlik etmek
accused,sanık
transfer,Aktar
guts,bağırsaklar
quality,kalite
fella,fella
roman,Roma
greater,daha büyük
damned,lanet olası
couch,kanepe
cheer,tezahürat etmek
vegas,Vegas
shoe,ayakkabı
title,Başlık
shy,utangaç
punishment,ceza
los,los
clicks,tıkırtı
you,sen
closet,dolap
bye-bye,güle güle
fever,ateş
coward,Ödlek
flash,flaş
impressed,etkilenmiş
bruce,bruce
siren,siren
prisoners,mahkum
sides,taraf
bowl,tas
katie,katie
supply,tedarik
sensitive,duyarlı
hopefully,umutla
rolling,yuvarlanma
roy,Roy
dollar,dolar
tone,tonlamak
voices,sesler
g,g
i,i
cheating,hile
confess,itiraf etmek
demand,talep etmek
museum,müze
unknown,Bilinmeyen
drama,drama
suspicious,şüpheli
adult,yetişkin
todd,Todd
frightened,korkmuş
warned,uyarılmış
steady,istikrarlı
kills,öldürmek
crossed,çapraz
lou,lou
particularly,özellikle de
sandwich,sandviç
laws,yasalar
joint,eklem yeri
bullets,mermi
package,paketi
trained,eğitilmiş
thursday,Perşembe günü
boots,bot ayakkabı
possibility,olasılık
albert,Albert
civil,sivil
june,Haziran
germans,Almanlar
baseball,beyzbol
express,ifade etmek
miserable,acınası
tuesday,Salı günü
parker,parkçı
lion,aslan
joseph,Joseph
refused,reddetti
shine,parlaklık
assault,saldırı
hong,Hong
jokes,espriler
breaks,molalar
argue,tartışmak
you-,sen-
trail,iz
option,seçenek
recall,hatırlamak
mighty,kudretli
collection,Toplamak
oliver,Oliver
wilson,Wilson
accent,Aksan
believes,inanıyor
decisions,kararlar
embarrassed,utanmış
mobile,hareketli
customer,müşteri
terribly,çok
sec,sec
charity,hayır kurumu
considering,düşünen
pussy,kedi
donna,Donna
protecting,koruma
flag,bayrak
kidnapped,kaçırılmış
italy,İtalya
balance,denge
creatures,yaratıklar
nuclear,nükleer
wallet,cüzdan
shout,bağırmak
vincent,Vincent
entered,girdi
impression,izlenim
angela,Angela
jay,Jay
degrees,dereceler
favour,iyilik
reaction,reaksiyon
network,ağ
jessica,Jessica
version,versiyon
concert,konser
gear,vites
singer,şarkıcı
diamond,elmas
defeat,yenilgi
steven,Steven
lane,Şerit
blast,büyük patlama
wounded,yaralı
anytime,istediğin zaman
partners,ortaklar
ages,yaşlar
charlotte,Charlotte
ceremony,tören
league,lig
bars,Barlar
orange,Portakal
specific,özel
conditions,koşullar
plastic,plastik
crisis,kriz
fifth,beşinci
term,terim
self,kendi kendine
offering,teklif
bud,tomurcuk
suffered,acı çekti
reported,bildirilmiş
commissioner,komiser
rip,Huzur içinde yatsın
mysterious,gizemli
entrance,giriş
messed,dağınık
tunnel,tünel
designed,tasarlanmış
neighbor,komşu
aboard,gemide
sweat,ter
justin,Justin
ghosts,hayaletler
crimes,Suçlar
costs,maliyet
deserves,hak ediyor
dreaming,rüya görmek
bust,baskın yapmak
el,el
teddy,Teddy
kong,kong
messages,mesaj
enjoying,keyif
afterwards,sonradan
comfort,konfor
mason,Duvarcı
surrender,teslim olmak
gym,Jimnastik
kitty,Yavru kedi
crush,ezmek
yup,Evet
arranged,düzenlenmiş
suits,takım elbise
pee,işemek
stress,stres
cave,mağara
wing,kanat
jordan,Ürdün
arrange,düzenlemek
comrade,yoldaş
noble,soylu
tricks,hileler
betty,Betty
launch,öğle yemeği
legend,efsane
mix,karışım
golf,golf
imagination,hayal gücü
fox,tilki
kissing,öpüşmek
butter,Tereyağı
tax,vergi
gross,brüt
edward,Edward
texas,Teksas
insist,ısrar etmek
marcus,marcus
classic,klasik
selfish,bencil
skull,kafatası
frankie,Frankie
shown,gösterişli
bat,yarasa
survived,hayatta kaldı
print,Yazdır
champion,şampiyon
bills,faturalar
therapy,terapi
lifetime,ömür
throughout,boyunca
a.m.,A.M.
nathan,Nathan
toward,karşı
sauce,Sos
experiment,deney
margaret,Margaret
describe,tanımlamak
ross,Ross
grass,çimen
cheat,aldatmak
attend,katılmak
homework,ödev
lewis,Lewis
betrayed,ihanete uğramış
servant,hizmetkar
cap,kapak
tyler,Tyler
bible,Kutsal Kitap
practically,pratikte
catherine,Catherine
steel,çelik
wipe,silip süpürmek
burns,yanık
j,j
generation,nesil
cabin,kabin
financial,parasal
industry,sanayi
bond,bağlamak
sheep,koyun
scientists,Bilim insanları
beaten,dövülmüş
heck,kahrolası
deck,güverte
fans,hayranlar
script,senaryo
brand,marka
degree,derece
painful,acı verici
coughing,öksürme
religion,din
cats,kediler
stephen,Stephen
influence,etki
fuel,yakıt
drawing,çizim
uh-oh,uh-oh
rabbit,tavşan
exercise,egzersiz yapmak
attractive,çekici
touching,dokunaklı
virus,virüs
realise,fark etmek
torture,işkence
blessed,mübarek
plain,sade
rebecca,Rebecca
recent,son
barbara,barbara
footsteps,ayak izleri
sacred,kutsal
removed,kaldırıldı
pretending,taklit
wasted,heba olmuş
jewish,Yahudi
goodnight,iyi geceler
robot,robot
crystal,kristal
confirm,onaylamak
lad,delikanlı
mile,mil
division,bölünme
scratch,kaşımak
reminds,hatırlatıyor
walks,yürüyüşleri
ending,bitirme
russia,Rusya
contest,yarışma
valuable,değerli
distant,mesafe
dumped,terkedilmiş
motion,hareket
electricity,elektrik
centre,merkez
murders,cinayet
tina,Tina
jeremy,Jeremy
seal,mühür
standard,standart
ellen,Ellen
wore,yıpranmış
surrounded,çevrili
struck,vurmak
inform,bilgi vermek
gentle,nazik
status,durum
purse,el çantası
prints,baskılar
players,oyuncu
charged,yüklü
begging,dilenme
delivered,teslim edilmiş
kenny,Kenny
buck,boks yapmak
nina,Nina
construction,inşaat
confirmed,onaylanmış
confession,itiraf
trigger,tetiklemek
cells,hücre
frankly,açıkçası
ali,Ali
exit,çıkış
response,tepki
cancel,iptal etmek
argument,argüman
principal,müdür
turkey,hindi
lucas,Lucas
clinic,klinik
greetings,selamlar
neighbors,komşular
vice,mengene
toy,oyuncak
hannah,Hannah
everyday,Her gün
generous,cömert
gain,kazanç
idiots,salak
holly,çobanpüskülü
enjoyed,keyifli
jungle,orman
link,bağlantı
underground,yeraltı
smiling,gülümseyen
mistress,metre
teams,takımlar
product,ürün
beef,sığır eti
whispers,fısıltılar
religious,din
presents,hediyeler
identify,tanımlamak
chip,yonga
chffffff,chffffff
surveillance,gözetim
carlos,carlos
vampire,vampir
routine,rutin
uses,kullanma
michelle,Michelle
underneath,altında
systems,sistemler
temperature,hava sıcaklığı
waves,dalgalar
tribe,kabile
brad,brad
deputy,milletvekili
sophie,Sophie
headquarters,Merkez
equal,eşit
phones,telefon
ken,Ken
reckon,Hesaba katmak
related,ilişkili
incredibly,inanılmaz şekilde
chill,soğuk
spit,tükürmek
tracks,pistler
oscar,Oscar
makeup,makyaj yapmak
bug,böcek
sounded,sesli
spirits,ruhlar
nerve,sinir
divorced,boşanmış
stake,kazıklamak
port,Liman
doorbell,kapı zili
worries,endişe
nephew,yeğen
miller,değirmenci
units,birimler
just-,sadece-
proceed,ilerlemek
landing,iniş
traitor,hain
outfit,kıyafet
chloe,chloe
bail,kefalet
fields,tarlalar
patience,sabır
recording,kayıt
foolish,aptalca
loaded,yüklendi
tokyo,Tokyo
davis,Davis
costume,kostüm
wayne,Wayne
injured,yaralı
somethin,bir şey
ian,Ian
pet,Evcil Hayvan
cage,kafes
digging,kazma
spain,ispanya
seats,Koltuklar
awkward,garip
cleaned,temizlenmiş
pattern,Desen
filthy,pis
visiting,ziyaret
jews,Yahudiler
answering,cevap verme
concentrate,yoğunlaşmak
someplace,bir yerde
citizens,Vatandaşlar
aim,nişan almak
nancy,Nancy
affairs,iş
thick,kalın
sport,spor
basic,temel
electric,elektrik
pleasant,güzel
cliff,uçurum
nail,çivi
russell,Russell
environment,çevre
western,batılı
average,ortalama
ease,kolaylaştırmak
raped,tecavüze uğramış
interrupt,kesmek
judy,Judy
satisfied,memnun
beep,bip sesi
starving,açlıktan ölme
documents,belgeler
anniversary,yıl dönümü
beth,Beth
election,seçim
warrior,savaşçı
r,r
forth,ileri
fetch,gidip getirmek
banks,bankalar
placed,yerleştirilmiş
timing,zamanlama
stones,taşlar
complex,karmaşık
frozen,dondurulmuş
replace,yer değiştirmek
prayer,namaz
skip,atlamak
angeles,Angeles
guilt,suç
tune,ayarlamak
woo,woo
actions,hareketler
conscience,vicdan
officially,resmi olarak
martha,Martha
machines,makineler
smaller,daha küçük
determined,belirlenen
blown,şişmiş
hail,selamlamak
unhappy,mutsuz
booth,çardak
pour,dökün
berlin,Berlin
cleared,temizlenmiş
packed,paketlenmiş
wrap,paketlemek
randy,alçakgönüllü
behalf,adına
reasonable,mantıklı
trunk,gövde
homes,evler
festival,Festival
tradition,gelenek
cigarettes,sigara
le,LE
beside,yanında
harvey,Harvey
motive,güdü
beings,varlıklar
bishop,piskopos
dealer,satıcı
defendant,sanık
backup,destek olmak
wounds,yaralar
ouch,ouch
ann,asil
nearby,yakında
drank,içmek
effects,Etkileri
jonathan,Jonathan
dennis,Dennis
benefit,fayda
adventure,macera
p,p
territory,bölge
ve,Vezik
apology,özür
dylan,Dylan
unlike,farklı
owns,sahibi
boxes,kutular
thus,böylece
clay,kil
developed,gelişmiş
busted,paçayı ele vermek
pipe,boru
gray,gri
no.,hayır.
goods,mal
favourite,favori
salad,salata
loyal,sadık
atmosphere,atmosfer
eva,eva
freaking,korkutucu
dropping,düşme
strangers,yabancı insanlar
mouse,fare
downtown,şehir merkezi
francisco,Francisco
heroes,kahramanlar
pit,çukur
rotten,çürük
paradise,cennet
meantime,Bu arada
jess,jess
organization,organizasyon
hills,tepeler
exam,sınav
cock,horoz
fairy,peri
earl,Kont
comment,Yorum
activity,aktivite
frame,çerçeve
knight,şövalye
testing,test yapmak
habit,alışkanlık
shelter,barınak
flow,akış
jennifer,Jennifer
holes,delik
prevent,önlemek
anthony,Anthony
lend,borç vermek
cooper,Cooper
figures,figürler
boston,Boston
sample,örneklem
strip,şerit
landed,inişli
buzzing,uğultu
monk,keşiş
slightly,biraz
produce,üretmek
annoying,sinir bozucu
judgment,yargılama
laundry,çamaşır
ron,Ron
lousy,berbat
souls,Ruhlar
existence,varoluş
belly,karın
tries,dener
foster,gayretlendirmek
returning,geri dönen
answered,cevaplanmış
ward,koğuş
plants,bitkiler
actress,aktris
chairman,başkan
individual,bireysel
hopes,ümit
tattoo,dövme
fence,çit
sink,lavabo
punk,punk
confident,kendinden emin
yay,Yaşasın
mistaken,yanlış
limit,sınırlamak
bothering,rahatsız
st,ST
uncomfortable,rahatsız
wednesday,Çarşamba günü
gifts,Hediyeler
policeman,polis
na,na
precisely,açık olarak
lawyers,avukat
greek,Yunan
merely,sadece
criminals,suçlular
underwear,iç çamaşırı
hoped,umut etti
earned,kazanılmış
reveal,ortaya çıkartmak
appeared,göründü
derek,Derek
heavens,cennet
personality,kişilik
batman,yarasa Adam
virginia,Virginia
wives,eşler
colour,renk
worker,çalışan
pope,Papa
instructions,Talimatlar
intelligent,zeki
worrying,endişe verici
vince,Vince
comin,anmak
cried,ağladı
traveling,seyahat
bells,çan
x,x
impact,darbe
robbed,soyulmuş
relief,rahatlama
host,ev sahibi
footage,kamera görüntüsü
odds,ihtimal
patrol,devriye gezmek
circus,sirk
mud,çamur
captured,yakalanmış
lessons,dersler
occasion,durum
sets,setler
pulse,nabız
ad,reklam
invented,icat edilmiş
diamonds,elmas
matthew,Matta
auntie,teyze
cloud,bulut
francis,Francis
angels,melekler
hers,onunki
classes,sınıf
mm-hm,mm-hm
signature,imza
complain,şikayet etmek
blah,fatura
monitor,izlemek
options,seçenekler
claims,iddialar
flies,sineklik
pat,patlamak
britain,Britanya
hid,saklamak
wailing,ağlama
listened,dinlenmiş
countries,ülkeler
vic,Vic
yell,bağırmak
rats,fareler
wondered,merak
smooth,düz
resist,direnmek
companies,şirket
fantasy,fantezi
passport,pasaport
pitch,saha
hammer,çekiç
homicide,cinayet
casey,Casey
holds,tutar
flew,uçtu
jacob,Jacob
noon,öğle vakti
helicopter,helikopter
dishes,bulaşıklar
spin,döndürmek
charm,cazibe
slap,tokat
apply,uygulamak
fools,aptallar
screeching,cırtlak
discover,keşfetmek
previous,öncesi
kit,set
authorities,yetkililer
moaning,inilti
photograph,fotoğraf
sales,satış
fifty,elli
mickey,Mickey
beneath,altında
farewell,veda
clouds,bulutlar
slipped,kaymış
represent,temsil etmek
deaf,sağır
facing,bakan
offense,suç
citizen,vatandaş
clown,palyaço
snap,patlatmak
messing,dağınık
hood,kapüşon
twelve,on iki
interests,ilgi alanları
cheated,aldatılmış
liz,liz
informed,bilgili
humanity,insanlık
producer,üretici
technically,teknik olarak
accounts,hesaplar
extreme,aşırı
gettin,almak
cia,CIA
ii,II
pays,ödemek
profile,profil
oxygen,oksijen
jeez,jeez
gene,gen
shed,baraka
minor,küçük
ex,eski
theatre,tiyatro
scientific,ilmi
lovers,sevenler
chaos,kaos
l.a.,L.A.
rocket,roket
math,matematik
stubborn,inatçı
august,Ağustos
oi,oi
chips,çipler
intense,yoğun
grey,gri
talkin,konuşma
terrorist,terörist
angle,açı
invitation,davet
gus,gus
gambling,kumar
respond,cevap vermek
thirty,otuz
procedure,prosedür
absolute,mutlak
investigate,araştırmak
tragedy,trajedi
stable,kararlı
session,"oturum, toplantı, celse"
capture,ele geçirmek
marrying,evlenme
ripped,yırtık
attacks,saldırı
stretch,Uzatmak
bush,çalı
dates,tarih
unable,aciz
gates,kapılar
mars,Mars
artists,sanatçılar
increase,artırmak
tastes,tadı
cared,bakılmış
bottles,şişe
highest,en yüksek
whirring,pırıl pırıl
meanwhile,bu sırada
nate,natek
grabbed,yakalanmış
pigs,domuz
chop,kesmek
olivia,Olivia
wheels,tekerlekler
shocked,şok
reverend,saygısızlık
commercial,reklam
escort,eskort
engagement,nişanlanmak
corpse,ceset
louise,Louise
worthy,layık
scale,ölçek
beats,ritimler
williams,Williams
threatening,tehdit eden
exists,var olan
academy,akademi
acts,hareketler
hop,atlama
judges,hakimler
furniture,mobilya
shared,ortak
ralph,Ralph
consequences,sonuçlar
engineer,mühendis
schools,okul
softly,yumuşakça
bombs,bombalar
caroline,Caroline
shark,köpek balığı
transport,Ulaşım
population,nüfus
succeed,başarmak
creepy,ürpertici
sneak,gizlice gizlice girme
studies,çalışmalar
destruction,yıkım
keith,Keith
protected,korunan
monsters,canavarlar
joining,birleştirme
punished,cezalandırılmış
lightning,Şimşek
malcolm,Malcolm
shell,kabuk
fascinating,büyüleyici
chamber,bölme
ethan,Elatan
romance,romantik
instance,misal
jumping,atlama
groups,grup
exhausted,yorgun
testify,tanıklık etmek
studied,okudu
walker,yürüteç
pin,toplu iğne
imagined,hayal edilen
drill,delmek
investigating,soruşturma
ye,sen
experienced,Tecrübeli
elena,Elena
necklace,kolye
loyalty,bağlılık
junk,Önemsiz
cole,Cole
cries,çığlık
stanley,Stanley
rita,Rita
southern,güney
blocks,bloklar
emotions,duygular
begun,başlamak
maya,Maya
liver,karaciğer
serving,porsiyon
matches,maçlar
surgeon,Cerrah
granted,imtiyazlı
jazz,caz
july,Temmuz
supplies,tedarik
deeper,Daha derine
typical,tipik
kicking,tekme
obey,itaat etmek
dancer,dansçı
remote,uzak
daughters,kız çocukları
moron,moron
latin,Latince
teachers,öğretmen
toby,Toby
sandy,kumlu
dragged,sürüklenen
strategy,strateji
parent,ebeveyn
jin,jin
album,albüm
compared,karşılaştırmalı
rubbish,çöp
helpful,yardımsever
powder,pudra
sync,senkronize etmek
bum,seri
passes,geçer
joan,joan
fort,kale
choices,seçimler
alley,sokak
supper,akşam yemeği
penis,penis
alibi,mazeret
sammy,Sammy
pole,kutup
coke,kola
scientist,Bilim insanı
fighter,savaşçı
highway,karayolu
blade,bıçak ağzı
alpha,alfa
diet,diyet
liquor,likör
jet,jet
widow,dul
liberty,özgürlük
philip,philip
moral,ahlak
carrie,kara
award,ödül
grief,yas
thirsty,susuz
ashley,Ashley
random,rastgele
suspects,şüpheli
intention,niyet
julian,Julian
active,aktif
tools,araçlar
driven,sürmüş
trauma,travma
headache,baş ağrısı
safely,güvenli bir şekilde
alexander,İskender
knee,diz
lads,Delikanlilar
novel,roman
conversations,konuşmalar
waters,sular
lookin,arama konumu
invisible,görünmez
internal,dahili
peaceful,barışçıl
humming,uğultu
washed,yıkanmış
drives,sürücüler
talented,yetenekli
li,Li
aid,yardım
elephant,fil
troubles,sıkıntılar
core,çekirdek
serial,seri
s-,s-
painted,boyalı
the,.
divine,ilahi
jam,reçel
goat,keçi
opera,opera
thieves,hırsızlar
guessing,tahmin
objection,itiraz
whiskey,viski
florida,Florida
resistance,direnç
dressing,pansuman
attached,ekli
aaron,Aaron
brief,kısa bilgi
punish,cezalandırmak
eternal,sonsuz
lois,lois
and,ve
required,gereklidir
victoria,Victoria
fabulous,efsanevi
twins,ikizler
characters,karakter
cooked,pişmiş
ln,ln
ruth,Ruth
dreamed,hayal kırıklığına uğramış
arts,sanat
naughty,yaramaz
stabbed,bıçaklanmış
tend,Bakmak
diane,Diane
tap,musluk
soap,sabun
locker,dolap
development,gelişim
images,Görüntüler
prick,dikmek
global,küresel
string,sicim
bitter,acı
sharing,paylaşım
corn,Mısır
craig,Craig
fits,uygun
tent,çadır
forms,formlar
votes,oy
harold,harding
propose,"teklif etmek, önermek"
monica,Monica
constantly,sürekli
granny,büyükanne
nicely,güzelce
nerves,sinir
arguing,tartışma
abuse,taciz
relatives,akraba
survival,hayatta kalma
gloves,eldivenler
tracking,izleme
zoe,zikzak
u,u
bend,Bükmek
review,gözden geçirmek
connect,bağlamak
separated,ayrılmış
elder,yaşlı
beard,sakal
admiral,amiral
diana,Diana
salary,aylık maaş
areas,alanlar
disturb,bozmak
pro,profesyonel
maintain,sürdürmek
solved,çözülmüş
wealth,varlık
bitches,orospular
possession,mülk
sang,şarkı söyledi
gimme,hile yapmak
plates,tabaklar
shoulders,omuzlar
burnt,yanmış
recorded,kaydedilmiş
upper,üst
counts,sayılar
tale,masal
profit,kâr
colleague,çalışma arkadaşı
warehouse,depo
hostage,rehin
shore,sahil
porn,porno
miami,Miami
fifteen,on beş
visitors,Ziyaretçi
bo,Bö
net,açık
insult,hakaret
owen,Owen
cities,şehirler
causing,neden olan
lemon,Limon
heal,iyileşmek
banging,çarpıcı
honeymoon,balayı
appeal,temyiz
marshall,Marshall
critical,eleştirel
creating,yaratma
scotland,İskoçya
crane,vinç
enormous,kocaman
testimony,tanıklık
praise,övmek
fights,kavgalar
indians,Hintliler
commission,komisyon
growls,hırıltı
nicole,Nicole
sins,günah
fraud,sahtekar
branch,dal
happily,mutlulukla
bout,rastlamak
covering,kaplama
occurred,olmuş
beans,Fasulyeler
raw,çiğ
muscle,kas
pages,sayfa
tense,gerginlik
relationships,ilişkiler
management,yönetmek
assignment,atama
blonde,sarışın
catching,yakalayan
exposed,maruz 
canada,Kanada
dont,yok
han,Han
von,von
comedy,komedi
marco,Marco
stroke,inme
whistling,ıslık çalma
buildings,binalar
shaking,sallama
p.m.,öğleden sonra.
facility,tesis
appropriate,uygun
remarkable,dikkat çekici
transferred,transfer edilmiş
drawn,çizilmiş
tits,göğüsler
clicking,tıklama
symbol,sembol
motor,motor
employees,çalışanlar
ambassador,büyükelçi
mothers,anneler
pile,istif
feeding,besleme
soda,soda
checks,kontroller
bears,ayılar
cookies,kurabiye
slut,sürtük
awfully,çok
stepped,kademeli
toys,oyuncak
levels,seviyeler
differently,farklı
magnificent,muhteşem
steak,Biftek
tube,tüp
leaders,Liderler
superior,üst
herr,herr
pan,tava
expression,ifade
currently,şu anda
throne,taht
deadly,ölümcül
bee,bal arısı
tooth,diş
depressed,bunalımlı
potatoes,patates
wicked,kötü
resources,kaynaklar
native,yerli
centuries,yüzyıllar
karl,karl
poetry,şiir
multiple,çoklu
cable,kablo
shortly,kısa süre içinde
buzz,vızıltı
socks,çorap
fingerprints,parmak izleri
goddess,tanrıça
chin,Çene
anxious,endişeli
september,eylül
colors,renkler
basketball,Basketbol
promises,vaat
explained,açıklanmış
appearance,görünüm
musical,müzikal
sends,gönderir
slide,slayt
aii,AII
shawn,Shawn
ultimate,nihai
pork,domuz
communication,iletişim
payment,Ödeme
structure,yapı
paperwork,evrak işleri
obsessed,takıntılı
lazy,tembel
russians,Ruslar
actors,aktörler
squeeze,sıkmak
magical,büyülü
colleagues,iş arkadaşları
admire,beğenmek
madness,delilik
roads,yol
entry,giriş
injury,yaralanma
burden,sorumluluk
racing,yarışma
manner,tavır
freezing,dondurucu
bits,bitler
norman,Norman
mount,monte etmek
battery,pil
dessert,tatlı
pound,pound
visited,ziyaret
motel,motel
rumbling,guruldama
cinema,sinema
fond,düşkün
halfway,yarıya kadar
rifle,tüfek
reception,resepsiyon
statue,heykel
fridge,buzdolabı
brick,tuğla
abandon,terk etmek
lap,kucak
natalie,Natalie
wars,savaş
recommend,tavsiye etmek
brush,fırçalamak
nelson,Nelson
pill,hap
concept,kavram
w,w
delay,gecikme
quarters,çeyrek
korea,Kore
janet,Janet
rub,ovmak
mall,alışveriş merkezi
soil,toprak
complaint,şikayet
sail,denize açılmak
baker,fırıncı
coughs,öksürük
bucket,Kova
description,tanım
badge,rozet
measure,ölçüm
hip,belki
function,işlev
indistinctly,belirsiz bir şekilde
harris,Harris
foundation,Yapı temeli
labor,emek
willie,Willie
waiter,garson
homeless,evsiz
proved,kanıtlanmış
unfortunate,talihsiz
log,kayıt
meetings,toplantılar
giggles,kıkırdama
combat,savaşmak
poem,şiir
polish,Lehçe
handed,eli
mia,MIA
weed,esrar
raymond,Raymond
tons,ton
satellite,uydu
jersey,Jersey
eagle,kartal
privacy,mahremiyet
chapter,bölüm
treating,tedavi
wisdom,bilgelik
flip,ters çevirme
entering,girme
barn,ahır
farmer,çiftçi
clan,klan
budget,bütçe
pub,pub
temporary,geçici
effective,etkili
sonny,oğul
wendy,Wendy
juan,Juan
lamb,Kuzu
plot,komplo
riley,Riley
proposal,teklif
sticks,sopa
searched,aranmış
blessing,nimet
rage,öfkelenmek
bothered,rahatsız
sydney,Sydney
basis,temel
manners,töre
recover,kurtarmak
twist,bükmek
neil,Neil
leak,sızıntı
item,öğe
catholic,Katolik
sighing,iç çeken
retired,emekli
kings,Krallar
inner,iç
cents,sentler
affect,etkilemek
forbidden,yasaklı
patch,yama
drops,damla
necessarily,zorunlu olarak
provided,sağlanan
meters,metre
booked,rezerve edilmiş
returns,İadeler
gloria,Gloria
fires,yangın
humor,Mizah
torn,yırtılmış
e-mail,e-posta
rocky,kayalık
introduced,tanıtılmış
creative,yaratıcı
betray,ihanet etmek
soviet,Sovyet
various,çeşitli
added,katma
discovery,keşif
cowboy,kovboy
suspected,şüpheli
suggested,önerildi
delighted,memnun
sticking,yapışkan
dive,dalmak
shane,shane
radar,radar
prosecutor,Savcı
amber,kehribar
vast,büyüklük
quinn,quinn
owned,sahip olduğu
cookie,kurabiye
finest,en iyi
felix,felix
pump,pompa
valentine,sevgili
counter,tezgah
sorts,türler
coin,madeni para
warren,Warren
slaves,köleler
marine,deniz
illness,hastalık
sack,çuval
bid,teklif etmek
require,gerekmek
moscow,Moskova
largest,en büyük
washing,yıkama
achieve,başarmak
causes,nedenler
k,K
mo,mo
dope,Uyuşturucu
nest,yuva
palm,avuç içi
logan,Logan
constant,devamlı
b.,b.
boo,kehanet
medication,ilaç tedavisi
gravity,yer çekimi
booze,içki içmek
noah,Nuh
evan,Evan
abroad,yurt dışına
christine,Christine
rising,yükselen
analysis,analiz
cuts,kesikler
eats,yiyor
employee,çalışan
vodka,votka
damaged,hasarlı
solar,güneş
height,boy uzunluğu
pops,pops
yards,bahçeler
terrified,dehşete kapılmış
suitcase,bavul
chemical,kimyasal
preparing,hazırlama
advanced,ileri
fund,"fon, sermaye"
wears,giysiler
chirping,cıvıl cıvıl
web,ağ
phase,evre
prom,balo
suggesting,önermek
fleet,filo
lame,sakatlamak
irish,İrlandalı
editor,editör
october,Ekim
assumed,varsayılmış
whip,kırbaçlamak
mel,Mel
region,bölge
amongst,arasında
temper,temper
discussion,tartışma
engines,motorlar
operate,çalıştırmak
sunshine,güneş ışığı
acted,hareketli
undercover,gizli
horror,korku
tested,test edilmiş
smash,paramparça etmek
contrary,aksine
roses,gül gülleri
poker,poker
wrapped,sarılmış
korean,Koreli
graham,Graham
mi,mi
fu,fu
ivan,Ivan
focused,odaklanmış
liam,Liam
tragic,trajik
carla,Carla
demons,iblis
rounds,turlar
entertainment,eğlence
gathered,toplanmış
uhh,uhh
yells,bağırır
lincoln,Lincoln
crossing,geçit
blanket,battaniye
nut,fındık
travis,Travis
pockets,cepler
limited,sınırlı
paintings,resimler
sober,ayık
caesar,Sezar
sis,sis
intended,amaçlanan
niece,yeğen
computers,bilgisayar
tennis,tenis
needle,iğne
chicks,civcivler
traditional,geleneksel
delicate,narin
independent,bağımsız
leslie,Leslie
lauren,Lauren
grandson,erkek torun
repair,onarım
a.,a.
brandon,Brandon
executive,yönetici
colin,Colin
recognized,tanınmış
holmes,Holmes
regarding,ilişkin
weakness,zayıflık
aliens,uzaylılar
gunshots,silah atışları
european,Avrupalı
method,yöntem
tool,alet
demands,Talepler
permit,izin vermek
towel,havlu
daisy,papatya
nowadays,şu günlerde
spider,örümcek
northern,kuzey
rangers,Rangers
zoo,hayvanat bahçesi
praying,dua etme
antonio,Antonio
passengers,yolcular
con,vasiyetname
australia,Avustralya
technique,teknik
cellphone,cep telefonu
gently,nazikçe
operations,operasyonlar
planes,yüzeyleri
bunny,tavşan
gunfire,silah sesleri
shining,parlıyor
backwards,geriye doğru
skill,beceri
uh-,uh-
baron,baron
kidnapping,kaçırma
iike,Iike
marshal,Mareşal
petty,küçük
sealed,Mühürlü
massage,masaj
raising,yükselen
menu,Menü
diary,günlük
fucker,Pezevenk
wagon,vagon
audition,seçme
mitch,mitch
mexican,Meksikalı
casino,kumarhane
bacon,domuz pastırması
diego,Diego
dutch,Flemenkçe
promotion,terfi
click,Tıklayın
forgiveness,affetme
burst,patlamak
permanent,kalıcı
interfere,karışmak
chanting,zikretme
dammit,lanetlemek
spencer,Spencer
recovered,kurtarılmış
registered,kayıtlı
sunny,güneşli
packing,paketleme
scenes,sahneler
superman,Süpermen
questioning,sorgulama
unfair,haksız
admitted,kabul edilmiş
ancestors,atalar
polite,kibar
completed,Tamamlandı
swallow,Yutmak
conduct,yönetmek
prayers,dualar
sheet,çarşaf
fried,kızarmış
avenue,Bulvar
poisoned,zehirli
reverse,ters
newspapers,gazeteler
ford,ford
complaining,şikayet
senses,duyular
investment,yatırım
absurd,absürt
potato,Patates
understands,anlar
grows,büyür
inspired,esinlenilmiş
ruby,yakut
celebrating,kutlama
tag,etiket
ram,Veri deposu
requires,gereklilikler
bonnie,Bonnie
bugs,böcek
leonard,leonard
elliot,elliot
hooked,bağlanmış
jill,Jill
ranch,çiftlik
safer,daha güvenli
worn,yıpranmış
crashing,çökme
lands,topraklar
heather,Heather
ash,kül
leather,deri
grounds,zemin
assuming,varsayarak
nails,çiviler
dana,Dana
conspiracy,komplo
thanksgiving,Şükran Günü
pierre,Pierre
guardian,Muhafız
rumors,söylentiler
yen,yen
megan,Megan
ashes,küller
terror,terör
misunderstanding,yanlış anlama
tire,tekerlek
boats,tekne
parade,geçit töreni
halt,durma
immunity,dokunulmazlık
adults,yetişkinler
steam,buhar
kang,kang
closely,yakından
pearl,inci
soccer,Futbol
adrian,Adrian
priority,öncelik
shouts,bağırmak
donald,Donald
happier,daha mutlu
khan,Kağan
struggling,mücadele etme
root,kök
larger,daha büyük
november,Kasım
boot,bot
conflict,anlaşmazlık
laughed,güldü
debbie,Debbie
cherry,Kiraz
honking,hon
concerns,endişeler
celebration,kutlama
sore,yara
unconscious,bilinçsiz
cattle,sığırlar
breasts,göğüsler
fairly,adil bir şekilde
fee,ücret
recognise,tanımak
wade,sallanmak
radiation,radyasyon
holidays,Bayram
raining,yağmur
forgetting,unutma
lungs,akciğer
register,Kayıt ol
shadows,gölgeler
specifically,özellikle
sarge,Çavuş
ideal,ideal
turtle,kaplumbağa
spoil,şımartmak
deserved,hak etmiş
ronnie,Ronnie
gina,gina
candidate,aday
lance,mızrak
types,türler
bloke,kandırmak
explode,patlamak
immediate,hemen
belonged,ait
identified,tanımlanmış
di,di
hunger,açlık
closest,en yakın
combination,kombinasyon
nanny,dadı
seth,Seth
gabriel,Gabriel
develop,geliştirmek
detectives,dedektifler
severe,haşin
en,en
organized,organize edilmiş
franklin,Franklin
gut,bağırsak
splendid,görkemli
dismissed,işten
pm,öğleden sonra
yang,yang
halloween,Cadılar Bayramı
ellie,ellie
vulnerable,hassas
continued,devam etti
vital,hayati
comrades,Yoldaşlar
bureau,büro
drawer,çekmece
harper,Harper
retreat,geri çekilmek
carson,carson
benny,Benny
pillow,yastık
troy,troy
ace,as
cart,araba
nap,kestirme
chan,chan
ham,jambon
announce,duyurmak
borrowed,ödünç alınmış
parked,park edilmiş
galaxy,gökada
voted,oy kullanılmış
muffled,boğuk
sebastian,Sebastian
mmm-hmm,mmm-hmm
jewelry,takı
kisses,Öpücükler
luggage,valiz
groom,damat
oops,oops
lighter,daha hafif
masters,ustalar
alliance,ittifak
buddies,arkadaşlar
clothing,Giyim
denied,inkar
drown,bastırmak
alike,aynı
excellency,Ekselanslar
relative,akraba
photographs,fotoğraflar
burger,burger
dough,Hamur
alicia,Alicia
wreck,enkaz
approve,onaylamak
produced,üretilmiş
christina,Christina
physically,fiziksel olarak
stations,istasyonlar
eli,Eli
samantha,Samantha
spiritual,manevi
sire,hile
roaring,kükreyen
stab,bıçaklamak
inch,inç
servants,hizmetkar
limits,sınırlar
unexpected,beklenmedik
arrival,varış
whimpering,fısıldayan
basket,sepet
sheets,çarşaflar
scandal,skandal
stink,kokuşmak
homer,homer
tara,Tara
christopher,Christopher
toes,ayak parmakları
t-,t-
shield,kalkan
shooter,atıcı
instant,ani
objects,nesneler
rehearsal,tekrarlamak
disturbing,rahatsız edici
directed,yönlendirilmiş
scan,taramak
electronic,elektronik
republic,cumhuriyet
overnight,bir gecede
counsel,danışmanlık
sirens,sirenler
dorothy,Dorothy
bait,yem
dignity,haysiyet
explains,açıklıyor
lean,eğilmek
heroin,eroin
tracy,Tracy
rex,Rex
barney,Barney
gossip,dedikodu
humble,mütevazı
economy,ekonomi
worlds,dünyalar
impress,etkilemek
clara,Clara
tissue,doku
threaten,tehdit etmek
et,ET
bump,çarpmak
supreme,yüce
bingo,Bingo
mitchell,Mitchell
excitement,heyecanlanmak
mankind,insanlık
document,belge
broad,kalın
vietnam,Vietnam
vessel,Gemi
lit,Aydınlatılmış
dale,dalga
killers,katiller
connor,Connor
mario,Mario
foul,faul
stare,dik dik dikmek
deaths,ölümler
hut,kulübe
elements,elementler
coma,koma
laying,döşeme
coffin,tabut
paula,Paula
cocaine,kokain
puppy,köpek yavrusu
louder,yüksek sesli
handled,işlenmiş
announcement,duyuru
oath,yemin
mob,mafya
cotton,pamuk
deposit,Depozito
taxes,vergi
injuries,yaralanma
jen,Jen
autopsy,otopsi
advise,öğüt vermek
gig,konser vermek
lecture,ders
posted,gönderildi
skinny,sıska
lo,lo
include,Dahil etmek
revealed,açıklığa kavuşmuş
infected,enfekte
relieved,rahatlamak
assistance,yardım
solo,solo
determine,belirlemek
terrorists,teröristler
elsewhere,başka bir yerde
lamp,Lamba
practical,pratik
marked,işaretlenmiş
adorable,sevimli
rubber,lastik
purple,mor
operating,işletme
suite,süit
apologies,özür dilerim
personnel,personel
beam,kiriş
poet,şair
samples,örnekler
arrow,ok
counselor,danışman
carpet,halı
allen,allen
audrey,Audrey
spotted,benekli
floating,yüzer
corrected,düzeltilmiş
located,yerleşmiş
journalist,gazeteci
insisted,ısrar etti
operator,Şebeke
rely,güvenmek
singh,singh
fooled,kandırılmış
arrives,geldiğinde
i.d.,İD.
leon,leon
walt,Walt
eastern,doğu
ay,ayyaş
shave,tıraş olmak
remaining,geriye kalan
toss,atmak
anderson,Anderson
lip,dudak
acid,asit
nora,Nora
si,si
december,aralık
anonymous,anonim
inn,Han
planted,dikilmiş
oldest,en eski
breast,meme
sixth,altıncı
error,hata
reporting,raporlama
egypt,Mısır
islands,adalar
brother-in-law,kayınbirader
jules,Jules
roommate,oda arkadaşı
sings,şarkı söyler
scum,pislik
visitor,ziyaretçi
giggling,kıkırdayan
described,tanımlanmış
geez,geez
inches,inç
commitment,bağlılık
hercules,Herkül
react,tepki
cows,inek
protest,protesto
misery,sefalet
theft,Çalınması
embrace,kucaklamak
darn,lanetlemek
harsh,sert
andrea,Andrea
communicate,iletişim
fathers,Babalar
faithful,sadık
hector,Hector
uh-uh,uh-uh
flame,alev
medal,madalya
silk,ipek
photographer,fotoğrafçı
trevor,trevor
cemetery,mezarlık
rear,arka
freddy,freddy
banana,muz
allison,Allison
emotion,duygu
chap,Çatlak
dated,tarihli
excuses,mazeret
shitty,boktan
bin,çöp Kutusu
jew,Yahudi
gum,sakız
crushed,ezilmiş
efforts,çabalar
content,içerik
corporal,onbaşı
realised,gerçekleştirilmiş
del,Del
rap,rap
hopeless,Umutsuz
debate,çekişme
era,dönem
luckily,neyse ki
ton,ton
liquid,sıvı
swell,kabarma
peggy,peggy
feast,bayram
murphy,murphy
attracted,çekilmiş
application,uygulama
profession,meslek
bench,Bank
vanessa,Vanessa
ahem,ahem
symptoms,semptomlar
scout,izci
crashed,çökmüş
keen,hevesli
aircraft,uçak
formed,oluşturulan
hon,hon
aggressive,agresif
pale,solgun
significant,önemli
duncan,Duncan
clubs,kulüpler
visual,görsel
embassy,elçilik
defence,savunma
cabinet,kabine
display,Görüntüle
fame,şöhret
gibbs,Gibbs
drowned,boğuldu
wolves,Kurtlar
filming,çekim
dunno,hile
cursed,lanetli
twin,ikiz
sorrow,üzüntü
vault,kasa
defeated,yenilmiş
watson,Watson
quote,alıntı yapmak
penalty,ceza
bargain,pazarlık
pepper,biber
speaker,konuşmacı
compare,karşılaştırmak
satan,Şeytan
helmet,kask
scar,yara izi
copies,kopyalar
fuss,yaygara
envelope,mektup
perry,perry
stinks,kokuyor
african,Afrikalı
arrangements,düzenlemeler
wished,dilek
honored,onurlu
believing,inanan
discussed,tartışılmış
assigned,atanmış
rosa,Rosa
oven,fırın
jenna,Jenna
attacking,saldıran
tin,teneke
sonic,sonik
collar,yaka
mere,sadece
romeo,Romeo
belief,inanç
storage,depolamak
rusty,paslı
psycho,psiko
climbing,Tırmanmak
melissa,Melissa
fears,korkular
sum,özet
dedicated,özel
ladder,merdiven
alternative,alternatif
raid,yağma
dining,yemek
ms,Hanım
corporate,Kurumsal
folk,halk
jon,Jon
replaced,değiştirilmiş
bailey,Bailey
un,BM
heels,topuklu
duties,görevler
smarter,daha akıllı
existed,var olan
surprising,şaşırtıcı
chess,satranç
requested,talep edilen
cruise,seyir
primary,öncelik
rhythm,ritim
drum,davul
models,modeller
motorcycle,motosiklet
adopted,kabul edilen
barrel,varil
cargo,kargo
planets,gezegenler
shove,kıpırdamak
wha,ne
surprises,sürprizler
rosie,Rosie
dings,dings
trailer,tanıtım videosu
cannon,top
tables,tablolar
arse,eşek
ally,müttefik
lawrence,Lawrence
wee,çiş
tapes,bantlar
dull,sıkıcı
sandra,Sandra
teenage,gençlik
kent,Kent
cooperate,işbirliği yapmak
risks,riskler
dug,kazımak
worthless,değersiz
arriving,gelen
kindness,nezaket
ties,bağlar
items,öğeler
and-,ve-
grip,kavramak
relations,ilişkiler
rumor,söylenti
skirt,etek
frog,kurbağa
paige,paige
lloyd,Lloyd
claimed,iddia edilen
perfume,parfüm
instrumental,enstrümantal
flames,alevler
association,bağlantı
loses,kaybetmek
january,Ocak ayı
spike,başak
israel,İsrail
eleven,on bir
gallery,galeri
ginger,Zencefil
activities,faaliyetler
iraq,Irak
boarding,biniş
fist,yumruk
stuffed,doldurulmuş
improve,geliştirmek
creation,yaratılış
connie,Connie
infection,enfeksiyon
strikes,Grevler
wiped,silinmiş
tension,tansiyon
whistles,ıslık
kindly,nazikçe
certificate,sertifika
curtis,Curtis
bold,gözü pek
threats,tehdit
claudia,Claudia
sid,sid
twisted,bükülmüş
suspended,askıya alındı
affected,etkilenen
envy,imrenmek
whale,balina
dial,aramak
cameron,Cameron
martial,dövüş
controlled,kontrollü
lung,akciğer
nigga,zenci
coal,kömür
upside,üst taraf
imperial,emperyal
pam,pam
paranoid,paranoyak
signing,imza
congress,kongre
villa,villa
candles,mum
filling,dolgu
becky,Becky
comic,çizgi roman
faint,baygın
recovery,kurtarma
volunteer,gönüllü
tech,teknoloji
bleed,kanama
positions,pozisyonlar
cindy,Cindy
narrow,dar
forbid,yasaklamak
stuart,Stuart
perspective,perspektif
faced,yüzlü
neat,düzenli
pierce,delmek
observe,gözlemek
cycle,Çevrim
psychic,psişik
handling,işleme
goose,Kaz
accidentally,kazara
conclusion,çözüm
designer,tasarımcı
sits,oturuyor
importance,önem
spots,lekeler
francs,franklar
sweep,süpürmek
destroying,yok etme
communist,komünist
blackmail,şantaj
pacific,Pasifik
risky,riskli
glorious,görkemli
filed,dosyalanmış
hatred,kin
cam,kam
deals,fırsatlar
pos,pos
fooling,kandırma
persons,kişiler
scotch,İskoç
executed,uygulanmış
brakes,fren
blank,boşluk
tender,sunmak
kurt,Kurt
turner,turniye
tub,küvet
sucker,enayi
slight,hafif
addition,ilave
campus,yerleşke